<?xml version="1.0" encoding="UTF-8" ?>
<!DOCTYPE mapper
        PUBLIC "-//mybatis.org//DTD Mapper 3.0//EN"
        "http://mybatis.org/dtd/mybatis-3-mapper.dtd">
<mapper namespace="com.nowcoder.community.dao.LoginTicketMapper">

    <sql id="insertFields">
        user_id,ticket,status,expired
    </sql>

    <insert id="insertLoginTicket" parameterType="com.nowcoder.community.entity.LoginTicket" keyProperty="id">
        insert into login_ticket (<include refid="insertFields"></include>)
        values (#{userId},#{ticket},#{status},#{expired})
    </insert>

    <select id="selectByTicket" parameterType="string" resultType="com.nowcoder.community.entity.LoginTicket">
        select * from login_ticket
        where ticket=#{ticket}
    </select>

    <update id="updateStatus">
        update login_ticket set status=#{status} where ticket=#{ticket}
    </update>
</mapper>